the_geom,country,name,stars,description,black_runs,red_runs,blue_runs,green_runs,total_runs,black_km,red_km,blue_km,green_km,downhilll_km,cc_km,funicular,gondolas,chairs,drags,total_lifts,max_alt,resort_alt,min_alt,vertical,skipass,resort_website,area_website,webcam_1,webcam_2,webcam_3
0101000020E610000064BC1890DEE22740FCE7C47913B34740,AU,Alpbach,4,,11,34,24,0,69,18,78,32,17,145,100,,7,8,31,46,2030,1000,1000,1030,225.5,http://www.alpbachtal.at/en,,http://www.alpbachtal.at/de/aktuelles/webcams,,
0101000020E610000002A5FCFF93BE264038CB76CF4B954740,AU,Axamer Lizum,3,,2,5,6,0,13,10,27,4,,41,8,1,1,6,3,10,2340,868,1000,1340,225.5,http://www.axamer-lizum.at/de/winter/axamer-lizum-schneesicheres-olympia-skigebiet-bei-innsbruck.html,,,,
0101000020E610000013981440AD432A40E810BC4A8C8E4740,AU,Bad Gastein,3,,12,42,18,0,72,,,,,0,90,,,,,16,2686,1002,1243,1443,253,http://www.skigastein.com/de/winter,,http://webtv.feratel.com/webtv/?design=960p&pg=C95DBA91-D4B7-4A29-9225-63CA6F9AD3EF&lg=de&cam=5206,http://webtv.feratel.com/webtv/?design=960p&pg=C95DBA91-D4B7-4A29-9225-63CA6F9AD3EF&lg=de&cam=5204,
0101000020E6100000FB38DC3FFD9A28409DC8FE3FEFC14740,AU,Bad Kleinkirchheim,2,,5,25,2,0,32,8,77,18,,103,47,,4,6,15,25,2055,1100,1100,955,242,http://www.badkleinkirchheim.at/en,,http://www.badkleinkirchheim.at/webcams-carinthia,,
0101000020E6100000FB38DC3FFD9A28409DC8FE3FEFC14740,AU,Ellmau,3,,15,83,76,2,176,27,132,120,,279,180,,,,,91,1870,820,650,1220,244,http://www.wilderkaiser.info/en/,,http://webtv.feratel.com/webtv/?cam=5525&design=960v2&c0=0&bgcolor=246FAC&color1=ffffff&color3=ffffff&color4=ffffff&color5=246FAC,,
0101000020E6100000297613000C1729408CCDD8E1F9BC4740,AU,Fieberbrun,4,,1,13,7,0,21,3,22,13,,38,27,,,,,13,2020,800,800,1220,227,www.bergbahnen-fieberbrunn.com,,,,
0101000020E61000001172DEFFC75F2440C6E86FF8137C4740,AU,Flachau,4,,2,9,6,1,18,,43,11,2,56,160,,,,,100,1980,930,930,1050,,http://www.sportwelt-amade.com/,,,,
0101000020E61000001172DEFFC75F2440C6E86FF8137C4740,AU,Galtur,3,,3,11,2,0,16,10,24,64,,98,74,,,,,10,2300,1600,1640,660,,http://www.galtuer.com/de,,,,
0101000020E61000009355F05F495D2740DFC9E172C08E4740,AU,Hintertux-Finkenberg,3,,3,14,7,0,24,36,132,59,,227,28,,,,,67,3250,1500,1300,1950,,http://www.tux.at/,,,,
0101000020E61000001A3F22E0EF192640EA5632742A734740,AU,Hochgurgl,3,,5,14,16,4,39,20,55,35,,110,12,,,,,24,3080,1930,1930,1150,,http://www.obergurgl.com/,,,,
0101000020E6100000C1A7DEBF1E942440EA3886197D814740,AU,Ischgl,4,,9,43,13,0,65,54,206,69,,329,74,,,,,42,2900,1380,1400,1500,,http://www.ischgl.com/de,,,,
0101000020E61000009F42E87F3D832940523E2DD454A34740,AU,Kaprun,4,,4,9,16,0,29,7,22,32,,61,20,,,,,25,3030,800,770,2260,,http://www.zellamsee-kaprun.com/en,,,,
0101000020E610000000000080AEC72840AB017A0AE4B84740,AU,Kirchberg,3,,13,25,23,0,61,23,78,27,,128,40,,,,,60,2000,860,860,1140,,http://www.kirchberg.at/,,,,
0101000020E6100000B15C0400A6C8284036820142F3B84740,AU,Kitzbuhel,4,,13,26,21,0,60,23,78,67,,168,40,,,,,30,2000,800,790,1210,,http://www.kitzbuehel.com/de,,,,
0101000020E6100000D789ECFFF3042640337E4C31289B4740,AU,Kuhtai,2,,8,17,8,0,33,8,22,7,,37,15,,,,,10,2660,2020,2020,640,,http://www.schneegarantie.at/,,,,
0101000020E6100000AC17E87F5E4924405E8EEC84F69A4740,AU,Lech,1,,18,80,42,4,144,33,135,112,,280,23,,,,,34,2810,1450,1450,1360,,http://www.lech-zuers.at/
0101000020E6100000A87A0980B7C12540E225B4BCDDB34740,AU,Lermoos,5,,1,4,4,0,9,3,17,10,,30,30,,,,,9,2230,1000,1000,1230,,http://www.lermoos.at/
0101000020E61000007F37F64FE4CF294083F60BF20AB44740,AU,Maria Alm,4,,1,4,7,0,12,10,50,20,,150,40,,,,,34,1900,800,860,1040,,http://www.mariaalm.at/
0101000020E61000000D0013C0E6B92740D29500E3B6954740,AU,Mayrhofen,3,,3,27,22,0,52,29,63,41,,133,30,,,,,30,2500,630,630,1870,,http://www.mayrhofen.at/
0101000020E6100000AC9821C0AF2C2840895937F7BAB94740,AU,Niederau,3,,5,5,8,0,18,,,,,0,,,,,,10,1600,828,828,772,,http://www.wildschoenau.com/
0101000020E6100000B315EA9F960D26402A040F5F686F4740,AU,Obergurgl,3,,5,14,16,4,39,20,55,35,,110,12,,,,,24,3080,1930,1930,1150,,http://www.obergurgl.com/
0101000020E6100000502026C0341D2B406EB36785D89F4740,AU,Obertauern,3,,4,35,61,0,100,4,35,61,,100,26,,,,,26,2350,1740,1640,710,,http://www.obertauern.com/
0101000020E6100000B96D21C0D0FA2940D20C7768379D4740,AU,Rauris,2,,3,3,7,3,16,,,,,0,45,,,,,9,2210,950,950,1260,,http://www.rauris.net/
0101000020E610000046C100806B462940B6FA66721CB24740,AU,Saalbach,4,,6,27,31,0,64,15,95,90,,200,12,,,,,52,2100,1000,1030,1070,,http://www.saalbach.com/en/
0101000020E61000006BC3D5BFF37E284030DFD131ADC24740,AU,Scheffau,2,,15,83,76,1,175,27,132,120,55,334,180,,,,,15,1830,750,750,1080,,http://www.wilderkaiser.info/
0101000020E6100000DC21EE7FBA5E2B401F39888C7DB24740,AU,Schladming,1,,1,18,6,0,25,,,,,0,300,,,,,25,1900,750,750,1150,,http://www.schladming-dachstein.at/
0101000020E6100000603F1FC07D602640B89A2B395DAA4740,AU,Seefeld,1,,1,8,10,0,19,,,33,,33,262,,,,,23,2100,1200,1200,900,,http://www.seefeld.com/de
0101000020E6100000B96AE03FC4032640D5B4E622997B4740,AU,Solden,2,,31,61,57,0,149,30,51,69,,150,16,,,,,33,3250,1380,1380,1870,,http://www.soelden.com/
0101000020E6100000308C0D4017632840B235B6323CC04740,AU,Soll,4,,15,83,76,0,174,27,132,120,,279,180,,,,,12,1870,700,620,1250,,http://www.wilderkaiser.info/
0101000020E6100000D1F1EA7F2D892440A74CDEBE96904740,AU,St Anton,4,,34,129,77,8,248,31,140,109,,280,40,,,,,41,2810,1300,1300,1510,,http://www.stantonamarlberg.com/
0101000020E61000006B5C072018DC284012C0CDE2C5C24740,AU,St Johann in Tirol,2,,1,9,10,0,20,7,23,30,,60,275,,,,,17,1700,700,700,1000,,http://www.www.kitzalps.cc/
0101000020E6100000A112F83F97492B40A0B4C3A1AF8C4740,AU,St Michael,3,,5,11,20,0,36,7,17,23,,47,250,,,,,11,2400,1070,1100,1300,,http://www.stmichael-lungau.at/
0101000020E610000001D41E40D06D2840B4E6E86D43B74740,AU,Westendorf,2,,15,83,76,0,174,27,132,120,,279,180,,,,,13,1870,800,800,1070,,http://www.kitzbuehel-alpen.com/
0101000020E61000001B7BDDBF051328405CA159234CB44740,AU,Wildschonau,1,,2,11,17,1,31,12,43,15,,70,50,,,,,26,1903,828,828,1075,,http://www.wildschoenau.com
0101000020E610000036F5EC7FA19729404B2B53066DA94740,AU,Zell am See,3,,9,14,6,0,29,25,27,25,,77,58,,,,,28,1950,760,760,1190,,http://www.zellamsee-kaprun.com/
0101000020E610000046172700F7C327400167AD91F29D4740,AU,Zell am Ziller,3,,7,45,20,0,72,,,,,0,45,,,,,22,2410,570,930,1480,,http://www.zillertalarena.com/
0101000020E6100000813E1560ED522440D15AF2F421964740,AU,Zurs,4,,6,19,25,4,54,22,44,44,,110,4,,,,,32,2450,1720,1700,750,,http://www.lech-zuers.at/
0101000020E6100000859B01B43D4A1840F0BDD90DC88B4640,FR,Alpe d'Huez,4,"
        
        <table style='width:350px'>
        <tr><td>
        <b><a href=""http://www.france-montagnes.com//station/380001-alpe_d_huez/"">Alpe d'Huez</a></b><br />
        <a href='http://www.france-montagnes.com/index.php?option=com_gmap&amp;massif=1&amp;Itemid=2'>Alpes du nord</a> &gt; <a href='http://www.france-montagnes.com/index.php?option=com_gmap&amp;massif=1&amp;Itemid=2&amp;dept=38'>Isère</a>        </td>
        <td><img src=""http://www.skifrance.fr/images/logosStations/380001.gif"" alt='Alpe d'Huez' /></td>
        </tr>
        </table>

<center>





</center>
<br />
<a href=""http://www.france-montagnes.com//station/380001-alpe_d_huez/&task=webcams"">Webcams</a> | 
<a href=""http://www.france-montagnes.com/index.php?option=com_recherche&Itemid=20&Itemid=20&searchtype=bp&q=Alpe d'Huez"">Bons plans</a>
<hr />
    <div style=""text-align:right""><a href=""http://www.france-montagnes.com/""><img src=""http://www.france-montagnes.com/images/logos/logo_fm.png"" border=""0"" /></a></div>

        ",17,44,32,41,134,66,74,53,47,240,50,,,,,85,3330,1860,1860,1470,,http://www.alpedhuez.com/
0101000020E6100000B9ECE77F7FB71B408E0D935F75FD4640,FR,Argentiere,3,,4,4,4,3,15,4,13,13,,30,14,,,,,10,3280,1250,1250,2030,,http://www.chamonix.com/
0101000020E6100000CC175F9A9C171B4069BD90E8E2184740,FR,Avoriaz 1800,3,"
        
        <table style='width:350px'>
        <tr><td>
        <b><a href=""http://www.france-montagnes.com//station/740002-avoriaz_1800/"">Avoriaz 1800</a></b><br />
        <a href='http://www.france-montagnes.com/index.php?option=com_gmap&amp;massif=1&amp;Itemid=2'>Alpes du nord</a> &gt; <a href='http://www.france-montagnes.com/index.php?option=com_gmap&amp;massif=1&amp;Itemid=2&amp;dept=74'>Haute-Savoie</a>        </td>
        <td><img src=""http://www.skifrance.fr/images/logosStations/740002.gif"" alt='Avoriaz 1800' /></td>
        </tr>
        </table>

<center>





</center>
<br />
<a href=""http://www.france-montagnes.com//station/740002-avoriaz_1800/&task=webcams"">Webcams</a> | 
<a href=""http://www.france-montagnes.com/index.php?option=com_recherche&Itemid=20&Itemid=20&searchtype=bp&q=Avoriaz 1800"">Bons plans</a>
<hr />
    <div style=""text-align:right""><a href=""http://www.france-montagnes.com/""><img src=""http://www.france-montagnes.com/images/logos/logo_fm.png"" border=""0"" /></a></div>

        ",6,14,26,3,49,13,15,40,2,70,45,,,,,35,2280,1800,1100,1180,,http://www.avoriaz.com/
0101000020E6100000DE50F64CD17A1B409ADE7D9804F64640,FR,Chamonix Mont-Blanc,3,"
        
        <table style='width:350px'>
        <tr><td>
        <b><a href=""http://www.france-montagnes.com//station/740006-chamonix_mont_blanc/"">Chamonix Mont-Blanc</a></b><br />
        <a href='http://www.france-montagnes.com/index.php?option=com_gmap&amp;massif=1&amp;Itemid=2'>Alpes du nord</a> &gt; <a href='http://www.france-montagnes.com/index.php?option=com_gmap&amp;massif=1&amp;Itemid=2&amp;dept=74'>Haute-Savoie</a>        </td>
        <td><img src=""http://www.skifrance.fr/images/logosStations/740006.gif"" alt='Chamonix Mont-Blanc' /></td>
        </tr>
        </table>

<center>





</center>
<br />
<a href=""http://www.france-montagnes.com//station/740006-chamonix_mont_blanc/&task=webcams"">Webcams</a> | 
<a href=""http://www.france-montagnes.com/index.php?option=com_recherche&Itemid=20&Itemid=20&searchtype=bp&q=Chamonix Mont-Blanc"">Bons plans</a>
<hr />
    <div style=""text-align:right""><a href=""http://www.france-montagnes.com/""><img src=""http://www.france-montagnes.com/images/logos/logo_fm.png"" border=""0"" /></a></div>

        ",12,25,27,16,80,34,70,46,5,155,43,,,,,49,3840,1040,1040,2800,,http://www.chamonix.com/
0101000020E6100000097007550E5D1B404203FC1F43224740,FR,Chatel,4,"
        
        <table style='width:350px'>
        <tr><td>
        <b><a href=""http://www.france-montagnes.com//station/740007-chatel/"">Chatel</a></b><br />
        <a href='http://www.france-montagnes.com/index.php?option=com_gmap&amp;massif=1&amp;Itemid=2'>Alpes du nord</a> &gt; <a href='http://www.france-montagnes.com/index.php?option=com_gmap&amp;massif=1&amp;Itemid=2&amp;dept=74'>Haute-Savoie</a>        </td>
        <td><img src=""http://www.skifrance.fr/images/logosStations/740007.gif"" alt='Chatel' /></td>
        </tr>
        </table>

<center>





</center>
<br />
<a href=""http://www.france-montagnes.com//station/740007-chatel/&task=webcams"">Webcams</a> | 
<a href=""http://www.france-montagnes.com/index.php?option=com_recherche&Itemid=20&Itemid=20&searchtype=bp&q=Chatel"">Bons plans</a>
<hr />
    <div style=""text-align:right""><a href=""http://www.france-montagnes.com/""><img src=""http://www.france-montagnes.com/images/logos/logo_fm.png"" border=""0"" /></a></div>

        ",6,28,22,17,73,,,,,0,49,,,,,41,2200,1200,1100,1100,,http://www.chatel.com/
0101000020E61000006D336784458B1A40F040D31422B54640,FR,Courchevel,4,"
        
        <table style='width:350px'>
        <tr><td>
        <b><a href=""http://www.france-montagnes.com//station/730010-courchevel/"">Courchevel</a></b><br />
        <a href='http://www.france-montagnes.com/index.php?option=com_gmap&amp;massif=1&amp;Itemid=2'>Alpes du nord</a> &gt; <a href='http://www.france-montagnes.com/index.php?option=com_gmap&amp;massif=1&amp;Itemid=2&amp;dept=73'>Savoie</a>        </td>
        <td><img src=""http://www.skifrance.fr/images/logosStations/730010.gif"" alt='Courchevel' /></td>
        </tr>
        </table>

<center>





</center>
<br />
<a href=""http://www.france-montagnes.com//station/730010-courchevel/&task=webcams"">Webcams</a> | 
<a href=""http://www.france-montagnes.com/index.php?option=com_recherche&Itemid=20&Itemid=20&searchtype=bp&q=Courchevel"">Bons plans</a>
<hr />
    <div style=""text-align:right""><a href=""http://www.france-montagnes.com/""><img src=""http://www.france-montagnes.com/images/logos/logo_fm.png"" border=""0"" /></a></div>

        ",10,42,40,27,119,,,,,0,66,,,,,67,2740,1300,1300,1440,,http://www.courchevel.com/
0101000020E610000018DA7C94ADC51A40F57DE788C2004740,FR,Flaine,3,"
        
        <table style='width:350px'>
        <tr><td>
        <b><a href=""http://www.france-montagnes.com//station/740012-flaine/"">Flaine</a></b><br />
        <a href='http://www.france-montagnes.com/index.php?option=com_gmap&amp;massif=1&amp;Itemid=2'>Alpes du nord</a> &gt; <a href='http://www.france-montagnes.com/index.php?option=com_gmap&amp;massif=1&amp;Itemid=2&amp;dept=74'>Haute-Savoie</a>        </td>
        <td><img src=""http://www.skifrance.fr/images/logosStations/740012.gif"" alt='Flaine' /></td>
        </tr>
        </table>

<center>





</center>
<br />
<a href=""http://www.france-montagnes.com//station/740012-flaine/&task=webcams"">Webcams</a> | 
<a href=""http://www.france-montagnes.com/index.php?option=com_recherche&Itemid=20&Itemid=20&searchtype=bp&q=Flaine"">Bons plans</a>
<hr />
    <div style=""text-align:right""><a href=""http://www.france-montagnes.com/""><img src=""http://www.france-montagnes.com/images/logos/logo_fm.png"" border=""0"" /></a></div>

        ",5,25,26,7,63,,,,,0,13,,,,,26,2500,1600,1600,900,,http://www.grand-massif.com/
0101000020E61000008CEAE55956590040916E8AEA5C404540,FR,Font Romeu,,"
        
        <table style='width:350px'>
        <tr><td>
        <b><a href=""http://www.france-montagnes.com//station/660011-font_romeu/"">Font Romeu</a></b><br />
        <a href='http://www.france-montagnes.com/index.php?option=com_gmap&amp;massif=4&amp;Itemid=7'>Pyrénées</a> &gt; <a href='http://www.france-montagnes.com/index.php?option=com_gmap&amp;massif=4&amp;Itemid=7&amp;dept=66'>Pyrénées-Orientales</a>        </td>
        <td><img src=""http://www.skifrance.fr/images/logosStations/660011.gif"" alt='Font Romeu' /></td>
        </tr>
        </table>

<center>





</center>
<br />
<a href=""http://www.france-montagnes.com//station/660011-font_romeu/&task=webcams"">Webcams</a> | 
<a href=""http://www.france-montagnes.com/index.php?option=com_recherche&Itemid=20&Itemid=20&searchtype=bp&q=Font Romeu"">Bons plans</a>
<hr />
    <div style=""text-align:right""><a href=""http://www.france-montagnes.com/""><img src=""http://www.france-montagnes.com/images/logos/logo_fm.png"" border=""0"" /></a></div>

        ",8,8,9,9,34,,,,,0,111,,,,,25,2200,1600,1600,600,,http://www.font-romeu.fr/
0101000020E6100000000000503EA01C4058C922ACC5174640,FR,Isola 2000,5,"
        
        <table style='width:350px'>
        <tr><td>
        <b><a href=""http://www.france-montagnes.com//station/60010-isola_2000/"">Isola 2000</a></b><br />
        <a href='http://www.france-montagnes.com/index.php?option=com_gmap&amp;massif=7&amp;Itemid=4'>Alpes du sud</a> &gt; <a href='http://www.france-montagnes.com/index.php?option=com_gmap&amp;massif=7&amp;Itemid=4&amp;dept=6'>Alpes-Maritimes</a>        </td>
        <td><img src=""http://www.skifrance.fr/images/logosStations/060010.gif"" alt='Isola 2000' /></td>
        </tr>
        </table>

<center>





</center>
<br />
<a href=""http://www.france-montagnes.com//station/60010-isola_2000/&task=webcams"">Webcams</a> | 
<a href=""http://www.france-montagnes.com/index.php?option=com_recherche&Itemid=20&Itemid=20&searchtype=bp&q=Isola 2000"">Bons plans</a>
<hr />
    <div style=""text-align:right""><a href=""http://www.france-montagnes.com/""><img src=""http://www.france-montagnes.com/images/logos/logo_fm.png"" border=""0"" /></a></div>

        ",4,9,21,7,41,14,33,59,14,120,3,,,,,24,2610,2000,1840,770,,http://www.isola2000.com/
0101000020E61000001109DC1FA2B6194030923E9400F44640,FR,La Clusaz,3,"
        
        <table style='width:350px'>
        <tr><td>
        <b><a href=""http://www.france-montagnes.com//station/740014-la_clusaz/"">La Clusaz</a></b><br />
        <a href='http://www.france-montagnes.com/index.php?option=com_gmap&amp;massif=1&amp;Itemid=2'>Alpes du nord</a> &gt; <a href='http://www.france-montagnes.com/index.php?option=com_gmap&amp;massif=1&amp;Itemid=2&amp;dept=74'>Haute-Savoie</a>        </td>
        <td><img src=""http://www.skifrance.fr/images/logosStations/740014.gif"" alt='La Clusaz' /></td>
        </tr>
        </table>

<center>





</center>
<br />
<a href=""http://www.france-montagnes.com//station/740014-la_clusaz/&task=webcams"">Webcams</a> | 
<a href=""http://www.france-montagnes.com/index.php?option=com_recherche&Itemid=20&Itemid=20&searchtype=bp&q=La Clusaz"">Bons plans</a>
<hr />
    <div style=""text-align:right""><a href=""http://www.france-montagnes.com/""><img src=""http://www.france-montagnes.com/images/logos/logo_fm.png"" border=""0"" /></a></div>

        ",7,23,28,27,85,11,30,68,23,132,70,,,,,55,2600,1100,1100,1500,,http://www.laclusaz.com/
0101000020E6100000D8DA35009F3819403835E919EF854640,FR,La Grave,3,,0,3,3,6,12,,,12,,12,20,,,,,3,3550,1400,1400,2150,,http://www.lagrave-lameije.com/
0101000020E61000000370257796F6C63FB2BC160A77744540,FR,La Mongie,1,"
        
        <table style='width:350px'>
        <tr><td>
        <b><a href=""http://www.france-montagnes.com//station/650008-la_mongie/"">La Mongie</a></b><br />
        <a href='http://www.france-montagnes.com/index.php?option=com_gmap&amp;massif=4&amp;Itemid=7'>Pyrénées</a> &gt; <a href='http://www.france-montagnes.com/index.php?option=com_gmap&amp;massif=4&amp;Itemid=7&amp;dept=65'>Hautes-Pyrénées</a>        </td>
        <td><img src=""http://www.skifrance.fr/images/logosStations/650008.gif"" alt='La Mongie' /></td>
        </tr>
        </table>

<center>





</center>
<br />
<a href=""http://www.france-montagnes.com//station/650008-la_mongie/&task=webcams"">Webcams</a> | 
<a href=""http://www.france-montagnes.com/index.php?option=com_recherche&Itemid=20&Itemid=20&searchtype=bp&q=La Mongie"">Bons plans</a>
<hr />
    <div style=""text-align:right""><a href=""http://www.france-montagnes.com/""><img src=""http://www.france-montagnes.com/images/logos/logo_fm.png"" border=""0"" /></a></div>

        ",5,20,21,23,69,15,31,31,23,100,,,,,,33,2500,1800,1800,700,,
0101000020E6100000AF6A649DE5AF1A40E51C39F6E7C04640,FR,La Plagne,4,"
        
        <table style='width:350px'>
        <tr><td>
        <b><a href=""http://www.france-montagnes.com//station/730016-la_plagne/"">La Plagne</a></b><br />
        <a href='http://www.france-montagnes.com/index.php?option=com_gmap&amp;massif=1&amp;Itemid=2'>Alpes du nord</a> &gt; <a href='http://www.france-montagnes.com/index.php?option=com_gmap&amp;massif=1&amp;Itemid=2&amp;dept=73'>Savoie</a>        </td>
        <td><img src=""http://www.skifrance.fr/images/logosStations/730016.gif"" alt='La Plagne' /></td>
        </tr>
        </table>

<center>





</center>
<br />
<a href=""http://www.france-montagnes.com//station/730016-la_plagne/&task=webcams"">Webcams</a> | 
<a href=""http://www.france-montagnes.com/index.php?option=com_recherche&Itemid=20&Itemid=20&searchtype=bp&q=La Plagne"">Bons plans</a>
<hr />
    <div style=""text-align:right""><a href=""http://www.france-montagnes.com/""><img src=""http://www.france-montagnes.com/images/logos/logo_fm.png"" border=""0"" /></a></div>

        ",18,33,69,10,130,,,,,0,85,,,,,109,3250,2100,1250,2000,,http://www.la-plagne.com/
0101000020E6100000000000004C6B1B40F78CC2102AD04640,FR,La Rosière,3,"
        
        <table style='width:350px'>
        <tr><td>
        <b><a href=""http://www.france-montagnes.com//station/730017-la_rosiere/"">La Rosière</a></b><br />
        <a href='http://www.france-montagnes.com/index.php?option=com_gmap&amp;massif=1&amp;Itemid=2'>Alpes du nord</a> &gt; <a href='http://www.france-montagnes.com/index.php?option=com_gmap&amp;massif=1&amp;Itemid=2&amp;dept=73'>Savoie</a>        </td>
        <td><img src=""http://www.skifrance.fr/images/logosStations/730017.gif"" alt='La Rosière' /></td>
        </tr>
        </table>

<center>





</center>
<br />
<a href=""http://www.france-montagnes.com//station/730017-la_rosiere/&task=webcams"">Webcams</a> | 
<a href=""http://www.france-montagnes.com/index.php?option=com_recherche&Itemid=20&Itemid=20&searchtype=bp&q=La Rosière"">Bons plans</a>
<hr />
    <div style=""text-align:right""><a href=""http://www.france-montagnes.com/""><img src=""http://www.france-montagnes.com/images/logos/logo_fm.png"" border=""0"" /></a></div>

        ",16,35,25,6,82,,,,,0,7,,,,,37,2600,1850,1100,1500,,http://www.larosiere.net/
0101000020E6100000F43DA7AB2614194018DF6D9E9B9E4640,FR,Le Corbier,,"
        
        <table style='width:350px'>
        <tr><td>
        <b><a href=""http://www.france-montagnes.com//station/730021-le_corbier/"">Le Corbier</a></b><br />
        <a href='http://www.france-montagnes.com/index.php?option=com_gmap&amp;massif=1&amp;Itemid=2'>Alpes du nord</a> &gt; <a href='http://www.france-montagnes.com/index.php?option=com_gmap&amp;massif=1&amp;Itemid=2&amp;dept=73'>Savoie</a>        </td>
        <td><img src=""http://www.skifrance.fr/images/logosStations/730021.gif"" alt='Le Corbier' /></td>
        </tr>
        </table>

<center>





</center>
<br />
<a href=""http://www.france-montagnes.com//station/730021-le_corbier/&task=webcams"">Webcams</a> | 
<a href=""http://www.france-montagnes.com/index.php?option=com_recherche&Itemid=20&Itemid=20&searchtype=bp&q=Le Corbier"">Bons plans</a>
<hr />
    <div style=""text-align:right""><a href=""http://www.france-montagnes.com/""><img src=""http://www.france-montagnes.com/images/logos/logo_fm.png"" border=""0"" /></a></div>

        ",1,6,9,9,25,,,,,0,28,,,,,22,2600,1550,1550,1050,,
0101000020E610000087EA1F2EFBB519400E7CD46F98F84640,FR,Le Grand Bornand,3,"
        
        <table style='width:350px'>
        <tr><td>
        <b><a href=""http://www.france-montagnes.com//station/740015-le_grand_bornand/"">Le Grand Bornand</a></b><br />
        <a href='http://www.france-montagnes.com/index.php?option=com_gmap&amp;massif=1&amp;Itemid=2'>Alpes du nord</a> &gt; <a href='http://www.france-montagnes.com/index.php?option=com_gmap&amp;massif=1&amp;Itemid=2&amp;dept=74'>Haute-Savoie</a>        </td>
        <td><img src=""http://www.skifrance.fr/images/logosStations/740015.gif"" alt='Le Grand Bornand' /></td>
        </tr>
        </table>

<center>





</center>
<br />
<a href=""http://www.france-montagnes.com//station/740015-le_grand_bornand/&task=webcams"">Webcams</a> | 
<a href=""http://www.france-montagnes.com/index.php?option=com_recherche&Itemid=20&Itemid=20&searchtype=bp&q=Le Grand Bornand"">Bons plans</a>
<hr />
    <div style=""text-align:right""><a href=""http://www.france-montagnes.com/""><img src=""http://www.france-montagnes.com/images/logos/logo_fm.png"" border=""0"" /></a></div>

        ",3,14,15,10,42,6,26,26,29,87,60,,,,,39,2100,950,1000,1100,,http://www.legrandbornand.com/
0101000020E6100000BE186B5AB97C1840A97B2278F7804640,FR,Les 2 Alpes,3,"
        
        <table style='width:350px'>
        <tr><td>
        <b><a href=""http://www.france-montagnes.com//station/380019-les_2_alpes/"">Les 2 Alpes</a></b><br />
        <a href='http://www.france-montagnes.com/index.php?option=com_gmap&amp;massif=1&amp;Itemid=2'>Alpes du nord</a> &gt; <a href='http://www.france-montagnes.com/index.php?option=com_gmap&amp;massif=1&amp;Itemid=2&amp;dept=38'>Isère</a>        </td>
        <td><img src=""http://www.skifrance.fr/images/logosStations/380019.gif"" alt='Les 2 Alpes' /></td>
        </tr>
        </table>

<center>





</center>
<br />
<a href=""http://www.france-montagnes.com//station/380019-les_2_alpes/&task=webcams"">Webcams</a> | 
<a href=""http://www.france-montagnes.com/index.php?option=com_recherche&Itemid=20&Itemid=20&searchtype=bp&q=Les 2 Alpes"">Bons plans</a>
<hr />
    <div style=""text-align:right""><a href=""http://www.france-montagnes.com/""><img src=""http://www.france-montagnes.com/images/logos/logo_fm.png"" border=""0"" /></a></div>

        ",14,18,45,27,104,31,41,94,54,220,20,,,,,55,3600,1650,1300,2300,,http://www.les2alpes.com/
0101000020E6100000FFFFFFFF23F11740DE1B96144FA04640,FR,Les 7 Laux,4,"
        
        <table style='width:350px'>
        <tr><td>
        <b><a href=""http://www.france-montagnes.com//station/380020-les_7_laux/"">Les 7 Laux</a></b><br />
        <a href='http://www.france-montagnes.com/index.php?option=com_gmap&amp;massif=1&amp;Itemid=2'>Alpes du nord</a> &gt; <a href='http://www.france-montagnes.com/index.php?option=com_gmap&amp;massif=1&amp;Itemid=2&amp;dept=38'>Isère</a>        </td>
        <td><img src=""http://www.skifrance.fr/images/logosStations/380020.gif"" alt='Les 7 Laux' /></td>
        </tr>
        </table>

<center>





</center>
<br />
<a href=""http://www.france-montagnes.com//station/380020-les_7_laux/&task=webcams"">Webcams</a> | 
<a href=""http://www.france-montagnes.com/index.php?option=com_recherche&Itemid=20&Itemid=20&searchtype=bp&q=Les 7 Laux"">Bons plans</a>
<hr />
    <div style=""text-align:right""><a href=""http://www.france-montagnes.com/""><img src=""http://www.france-montagnes.com/images/logos/logo_fm.png"" border=""0"" /></a></div>

        ",3,16,14,4,37,30,50,12,8,100,12,,,,,24,2400,1350,1350,1050,,http://www.les7laux.com/
0101000020E6100000FFFFFFFFCB271B40F9AAAF2133CA4640,FR,Les Arcs Bourg-Saint-Maurice,3,"
        
        <table style='width:350px'>
        <tr><td>
        <b><a href=""http://www.france-montagnes.com//station/730028-les_arcs_bourg_saint_maurice/"">Les Arcs Bourg-Saint-Maurice</a></b><br />
        <a href='http://www.france-montagnes.com/index.php?option=com_gmap&amp;massif=1&amp;Itemid=2'>Alpes du nord</a> &gt; <a href='http://www.france-montagnes.com/index.php?option=com_gmap&amp;massif=1&amp;Itemid=2&amp;dept=73'>Savoie</a>        </td>
        <td><img src=""http://www.skifrance.fr/images/logosStations/730028.gif"" alt='Les Arcs Bourg-Saint-Maurice' /></td>
        </tr>
        </table>

<center>





</center>
<br />
<a href=""http://www.france-montagnes.com//station/730028-les_arcs_bourg_saint_maurice/&task=webcams"">Webcams</a> | 
<a href=""http://www.france-montagnes.com/index.php?option=com_recherche&Itemid=20&Itemid=20&searchtype=bp&q=Les Arcs Bourg-Saint-Maurice"">Bons plans</a>
<hr />
    <div style=""text-align:right""><a href=""http://www.france-montagnes.com/""><img src=""http://www.france-montagnes.com/images/logos/logo_fm.png"" border=""0"" /></a></div>

        ",18,33,56,1,108,43,62,,,105,15,,,,,77,3230,1600,1200,2030,,http://www.lesarcs.com/
0101000020E6100000C7E0765D3F8D1A4056F7D85C4C034740,FR,Les Carroz d'Araches,3,"
        
        <table style='width:350px'>
        <tr><td>
        <b><a href=""http://www.france-montagnes.com//station/740018-les_carroz_d_araches/"">Les Carroz d'Araches</a></b><br />
        <a href='http://www.france-montagnes.com/index.php?option=com_gmap&amp;massif=1&amp;Itemid=2'>Alpes du nord</a> &gt; <a href='http://www.france-montagnes.com/index.php?option=com_gmap&amp;massif=1&amp;Itemid=2&amp;dept=74'>Haute-Savoie</a>        </td>
        <td><img src=""http://www.skifrance.fr/images/logosStations/740018.gif"" alt='Les Carroz d'Araches' /></td>
        </tr>
        </table>

<center>





</center>
<br />
<a href=""http://www.france-montagnes.com//station/740018-les_carroz_d_araches/&task=webcams"">Webcams</a> | 
<a href=""http://www.france-montagnes.com/index.php?option=com_recherche&Itemid=20&Itemid=20&searchtype=bp&q=Les Carroz d'Araches"">Bons plans</a>
<hr />
    <div style=""text-align:right""><a href=""http://www.france-montagnes.com/""><img src=""http://www.france-montagnes.com/images/logos/logo_fm.png"" border=""0"" /></a></div>

        ",15,49,55,16,135,,,,,0,8,,,,,80,2500,1140,1140,1360,,http://www.lescarroz.com/
0101000020E61000002A331C5A06EC1A4055AA3DB919E94640,FR,Les Contamines Montjoie,3,"
        
        <table style='width:350px'>
        <tr><td>
        <b><a href=""http://www.france-montagnes.com//station/740019-les_contamines_montjoie/"">Les Contamines Montjoie</a></b><br />
        <a href='http://www.france-montagnes.com/index.php?option=com_gmap&amp;massif=1&amp;Itemid=2'>Alpes du nord</a> &gt; <a href='http://www.france-montagnes.com/index.php?option=com_gmap&amp;massif=1&amp;Itemid=2&amp;dept=74'>Haute-Savoie</a>        </td>
        <td><img src=""http://www.skifrance.fr/images/logosStations/740019.gif"" alt='Les Contamines Montjoie' /></td>
        </tr>
        </table>

<center>





</center>
<br />
<a href=""http://www.france-montagnes.com//station/740019-les_contamines_montjoie/&task=webcams"">Webcams</a> | 
<a href=""http://www.france-montagnes.com/index.php?option=com_recherche&Itemid=20&Itemid=20&searchtype=bp&q=Les Contamines Montjoie"">Bons plans</a>
<hr />
    <div style=""text-align:right""><a href=""http://www.france-montagnes.com/""><img src=""http://www.france-montagnes.com/images/logos/logo_fm.png"" border=""0"" /></a></div>

        ",9,19,12,8,48,,,,,0,26,,,,,24,2500,1164,1164,1336,,http://www.lescontamines.com/
0101000020E6100000A0C26BF111AE1A402D7A557E5D144740,FR,Les Gets,3,"
        
        <table style='width:350px'>
        <tr><td>
        <b><a href=""http://www.france-montagnes.com//station/740020-les_gets/"">Les Gets</a></b><br />
        <a href='http://www.france-montagnes.com/index.php?option=com_gmap&amp;massif=1&amp;Itemid=2'>Alpes du nord</a> &gt; <a href='http://www.france-montagnes.com/index.php?option=com_gmap&amp;massif=1&amp;Itemid=2&amp;dept=74'>Haute-Savoie</a>        </td>
        <td><img src=""http://www.skifrance.fr/images/logosStations/740020.gif"" alt='Les Gets' /></td>
        </tr>
        </table>

<center>





</center>
<br />
<a href=""http://www.france-montagnes.com//station/740020-les_gets/&task=webcams"">Webcams</a> | 
<a href=""http://www.france-montagnes.com/index.php?option=com_recherche&Itemid=20&Itemid=20&searchtype=bp&q=Les Gets"">Bons plans</a>
<hr />
    <div style=""text-align:right""><a href=""http://www.france-montagnes.com/""><img src=""http://www.france-montagnes.com/images/logos/logo_fm.png"" border=""0"" /></a></div>

        ",9,29,26,4,68,13,45,38,11,107,17,,,,,52,2000,1170,1000,1000,,http://www.lesgets.com/
0101000020E61000009E7C840F79261A408C5F49C555A94640,FR,Les Menuires,3,"
        
        <table style='width:350px'>
        <tr><td>
        <b><a href=""http://www.france-montagnes.com//station/730030-les_menuires/"">Les Menuires</a></b><br />
        <a href='http://www.france-montagnes.com/index.php?option=com_gmap&amp;massif=1&amp;Itemid=2'>Alpes du nord</a> &gt; <a href='http://www.france-montagnes.com/index.php?option=com_gmap&amp;massif=1&amp;Itemid=2&amp;dept=73'>Savoie</a>        </td>
        <td><img src=""http://www.skifrance.fr/images/logosStations/730030.gif"" alt='Les Menuires' /></td>
        </tr>
        </table>

<center>





</center>
<br />
<a href=""http://www.france-montagnes.com//station/730030-les_menuires/&task=webcams"">Webcams</a> | 
<a href=""http://www.france-montagnes.com/index.php?option=com_recherche&Itemid=20&Itemid=20&searchtype=bp&q=Les Menuires"">Bons plans</a>
<hr />
    <div style=""text-align:right""><a href=""http://www.france-montagnes.com/""><img src=""http://www.france-montagnes.com/images/logos/logo_fm.png"" border=""0"" /></a></div>

        ",6,24,44,5,79,12,50,89,9,160,28,,,,,40,3200,1850,1850,1350,,http://www.lesmenuires.com/
0101000020E61000008F71497065281A402FD5BD85E7E04640,FR,Les Saisies,3,"
        
        <table style='width:350px'>
        <tr><td>
        <b><a href=""http://www.france-montagnes.com//station/730031-les_saisies/"">Les Saisies</a></b><br />
        <a href='http://www.france-montagnes.com/index.php?option=com_gmap&amp;massif=1&amp;Itemid=2'>Alpes du nord</a> &gt; <a href='http://www.france-montagnes.com/index.php?option=com_gmap&amp;massif=1&amp;Itemid=2&amp;dept=73'>Savoie</a>        </td>
        <td><img src=""http://www.skifrance.fr/images/logosStations/730031.gif"" alt='Les Saisies' /></td>
        </tr>
        </table>

<center>





</center>
<br />
<a href=""http://www.france-montagnes.com//station/730031-les_saisies/&task=webcams"">Webcams</a> | 
<a href=""http://www.france-montagnes.com/index.php?option=com_recherche&Itemid=20&Itemid=20&searchtype=bp&q=Les Saisies"">Bons plans</a>
<hr />
    <div style=""text-align:right""><a href=""http://www.france-montagnes.com/""><img src=""http://www.france-montagnes.com/images/logos/logo_fm.png"" border=""0"" /></a></div>

        ",3,9,13,5,30,,,,,0,80,,,,,24,2000,1650,1150,850,,http://www.lessaisies.com/
0101000020E6100000C4B7F7FBE9781A402A948804ADED4640,FR,Megeve,5,"
        
        <table style='width:350px'>
        <tr><td>
        <b><a href=""http://www.france-montagnes.com//station/740024-megeve/"">Megève</a></b><br />
        <a href='http://www.france-montagnes.com/index.php?option=com_gmap&amp;massif=1&amp;Itemid=2'>Alpes du nord</a> &gt; <a href='http://www.france-montagnes.com/index.php?option=com_gmap&amp;massif=1&amp;Itemid=2&amp;dept=74'>Haute-Savoie</a>        </td>
        <td><img src=""http://www.skifrance.fr/images/logosStations/740024.gif"" alt='Megève' /></td>
        </tr>
        </table>

<center>





</center>
<br />
<a href=""http://www.france-montagnes.com//station/740024-megeve/&task=webcams"">Webcams</a> | 
<a href=""http://www.france-montagnes.com/index.php?option=com_recherche&Itemid=20&Itemid=20&searchtype=bp&q=Megève"">Bons plans</a>
<hr />
    <div style=""text-align:right""><a href=""http://www.france-montagnes.com/""><img src=""http://www.france-montagnes.com/images/logos/logo_fm.png"" border=""0"" /></a></div>

        ",11,25,28,19,83,,,,,0,40,,,,,79,2350,1100,1050,1300,,http://www.megeve.com/
0101000020E610000048C78CE129441A40D3A8E6536DB54640,FR,Meribel,4,"
        
        <table style='width:350px'>
        <tr><td>
        <b><a href=""http://www.france-montagnes.com//station/730032-meribel/"">Méribel</a></b><br />
        <a href='http://www.france-montagnes.com/index.php?option=com_gmap&amp;massif=1&amp;Itemid=2'>Alpes du nord</a> &gt; <a href='http://www.france-montagnes.com/index.php?option=com_gmap&amp;massif=1&amp;Itemid=2&amp;dept=73'>Savoie</a>        </td>
        <td><img src=""http://www.skifrance.fr/images/logosStations/730032.gif"" alt='Méribel' /></td>
        </tr>
        </table>

<center>





</center>
<br />
<a href=""http://www.france-montagnes.com//station/730032-meribel/&task=webcams"">Webcams</a> | 
<a href=""http://www.france-montagnes.com/index.php?option=com_recherche&Itemid=20&Itemid=20&searchtype=bp&q=Méribel"">Bons plans</a>
<hr />
    <div style=""text-align:right""><a href=""http://www.france-montagnes.com/""><img src=""http://www.france-montagnes.com/images/logos/logo_fm.png"" border=""0"" /></a></div>

        ",9,24,34,10,77,,,,,0,33,,,,,61,2950,1450,1100,1850,,http://www.meribel.net/
0101000020E610000030E57967CBF01A400BB76F6EB0C74640,FR,Montchavin les Coches,4,"
        
        <table style='width:350px'>
        <tr><td>
        <b><a href=""http://www.france-montagnes.com//station/730034-montchavin_les_coches/"">Montchavin les Coches</a></b><br />
        <a href='http://www.france-montagnes.com/index.php?option=com_gmap&amp;massif=1&amp;Itemid=2'>Alpes du nord</a> &gt; <a href='http://www.france-montagnes.com/index.php?option=com_gmap&amp;massif=1&amp;Itemid=2&amp;dept=73'>Savoie</a>        </td>
        <td><img src=""http://www.skifrance.fr/images/logosStations/730034.gif"" alt='Montchavin les Coches' /></td>
        </tr>
        </table>

<center>





</center>
<br />
<a href=""http://www.france-montagnes.com//station/730034-montchavin_les_coches/&task=webcams"">Webcams</a> | 
<a href=""http://www.france-montagnes.com/index.php?option=com_recherche&Itemid=20&Itemid=20&searchtype=bp&q=Montchavin les Coches"">Bons plans</a>
<hr />
    <div style=""text-align:right""><a href=""http://www.france-montagnes.com/""><img src=""http://www.france-montagnes.com/images/logos/logo_fm.png"" border=""0"" /></a></div>

        ",13,30,80,10,133,,,,,0,16,,,,,20,3250,1250,1250,2000,,http://www.montchavin-lescoches.com/
0101000020E6100000A7E19767DDE31A405CE9137F4D774640,FR,Montgenèvre,4,"
        
        <table style='width:350px'>
        <tr><td>
        <b><a href=""http://www.france-montagnes.com//station/50018-montgenevre/"">Montgenèvre</a></b><br />
        <a href='http://www.france-montagnes.com/index.php?option=com_gmap&amp;massif=7&amp;Itemid=4'>Alpes du sud</a> &gt; <a href='http://www.france-montagnes.com/index.php?option=com_gmap&amp;massif=7&amp;Itemid=4&amp;dept=5'>Hautes-Alpes</a>        </td>
        <td><img src=""http://www.skifrance.fr/images/logosStations/050018.gif"" alt='Montgenèvre' /></td>
        </tr>
        </table>

<center>





</center>
<br />
<a href=""http://www.france-montagnes.com//station/50018-montgenevre/&task=webcams"">Webcams</a> | 
<a href=""http://www.france-montagnes.com/index.php?option=com_recherche&Itemid=20&Itemid=20&searchtype=bp&q=Montgenèvre"">Bons plans</a>
<hr />
    <div style=""text-align:right""><a href=""http://www.france-montagnes.com/""><img src=""http://www.france-montagnes.com/images/logos/logo_fm.png"" border=""0"" /></a></div>

        ",18,38,25,7,88,,,,,0,28,,,,,38,2700,1850,1850,850,,http://www.montgenevre.com/
0101000020E61000007134C0B771B41A4051425885B70A4740,FR,Morillon,4,"
        
        <table style='width:350px'>
        <tr><td>
        <b><a href=""http://www.france-montagnes.com//station/740027-morillon/"">Morillon</a></b><br />
        <a href='http://www.france-montagnes.com/index.php?option=com_gmap&amp;massif=1&amp;Itemid=2'>Alpes du nord</a> &gt; <a href='http://www.france-montagnes.com/index.php?option=com_gmap&amp;massif=1&amp;Itemid=2&amp;dept=74'>Haute-Savoie</a>        </td>
        <td><img src=""http://www.skifrance.fr/images/logosStations/740027.gif"" alt='Morillon' /></td>
        </tr>
        </table>

<center>





</center>
<br />
<a href=""http://www.france-montagnes.com//station/740027-morillon/&task=webcams"">Webcams</a> | 
<a href=""http://www.france-montagnes.com/index.php?option=com_recherche&Itemid=20&Itemid=20&searchtype=bp&q=Morillon"">Bons plans</a>
<hr />
    <div style=""text-align:right""><a href=""http://www.france-montagnes.com/""><img src=""http://www.france-montagnes.com/images/logos/logo_fm.png"" border=""0"" /></a></div>

        ",2,5,6,2,15,,,,,0,90,,,,,8,2500,1100,700,1800,,http://www.ot-morillon.fr/
0101000020E61000007C83387711D61A40BCF2B818EB164740,FR,Morzine,4,"
        
        <table style='width:350px'>
        <tr><td>
        <b><a href=""http://www.france-montagnes.com//station/740028-morzine/"">Morzine</a></b><br />
        <a href='http://www.france-montagnes.com/index.php?option=com_gmap&amp;massif=1&amp;Itemid=2'>Alpes du nord</a> &gt; <a href='http://www.france-montagnes.com/index.php?option=com_gmap&amp;massif=1&amp;Itemid=2&amp;dept=74'>Haute-Savoie</a>        </td>
        <td><img src=""http://www.skifrance.fr/images/logosStations/740028.gif"" alt='Morzine' /></td>
        </tr>
        </table>

<center>





</center>
<br />
<a href=""http://www.france-montagnes.com//station/740028-morzine/&task=webcams"">Webcams</a> | 
<a href=""http://www.france-montagnes.com/index.php?option=com_recherche&Itemid=20&Itemid=20&searchtype=bp&q=Morzine"">Bons plans</a>
<hr />
    <div style=""text-align:right""><a href=""http://www.france-montagnes.com/""><img src=""http://www.france-montagnes.com/images/logos/logo_fm.png"" border=""0"" /></a></div>

        ",8,26,23,7,64,13,45,38,11,107,95,,,,,67,2460,1000,1000,1460,,http://www.morzine.com/
0101000020E6100000E307CE6C584818408AFCA0C063904640,FR,Oz en Oisans,4,"
        
        <table style='width:350px'>
        <tr><td>
        <b><a href=""http://www.france-montagnes.com//station/380024-oz_en_oisans/"">Oz en Oisans</a></b><br />
        <a href='http://www.france-montagnes.com/index.php?option=com_gmap&amp;massif=1&amp;Itemid=2'>Alpes du nord</a> &gt; <a href='http://www.france-montagnes.com/index.php?option=com_gmap&amp;massif=1&amp;Itemid=2&amp;dept=38'>Isère</a>        </td>
        <td><img src=""http://www.skifrance.fr/images/logosStations/380024.gif"" alt='Oz en Oisans' /></td>
        </tr>
        </table>

<center>





</center>
<br />
<a href=""http://www.france-montagnes.com//station/380024-oz_en_oisans/&task=webcams"">Webcams</a> | 
<a href=""http://www.france-montagnes.com/index.php?option=com_recherche&Itemid=20&Itemid=20&searchtype=bp&q=Oz en Oisans"">Bons plans</a>
<hr />
    <div style=""text-align:right""><a href=""http://www.france-montagnes.com/""><img src=""http://www.france-montagnes.com/images/logos/logo_fm.png"" border=""0"" /></a></div>

        ",17,36,31,39,123,,,,,0,40,,,,,22,2850,1350,1000,1850,,http://www.oz-en-oisans.com/
0101000020E6100000796524806E8C1A40AD61CD330A534640,FR,Risoul,3,"
        
        <table style='width:350px'>
        <tr><td>
        <b><a href=""http://www.france-montagnes.com//station/50024-risoul/"">Risoul</a></b><br />
        <a href='http://www.france-montagnes.com/index.php?option=com_gmap&amp;massif=7&amp;Itemid=4'>Alpes du sud</a> &gt; <a href='http://www.france-montagnes.com/index.php?option=com_gmap&amp;massif=7&amp;Itemid=4&amp;dept=5'>Hautes-Alpes</a>        </td>
        <td><img src=""http://www.skifrance.fr/images/logosStations/050024.gif"" alt='Risoul' /></td>
        </tr>
        </table>

<center>





</center>
<br />
<a href=""http://www.france-montagnes.com//station/50024-risoul/&task=webcams"">Webcams</a> | 
<a href=""http://www.france-montagnes.com/index.php?option=com_recherche&Itemid=20&Itemid=20&searchtype=bp&q=Risoul"">Bons plans</a>
<hr />
    <div style=""text-align:right""><a href=""http://www.france-montagnes.com/""><img src=""http://www.france-montagnes.com/images/logos/logo_fm.png"" border=""0"" /></a></div>

        ",3,14,18,10,45,2,25,38,15,80,30,,,,,26,2750,1850,1650,1100,,http://www.risoul.com/
0101000020E61000003C0366B38065194031685D1C78B44640,FR,Saint François Longchamp,3,"
        
        <table style='width:350px'>
        <tr><td>
        <b><a href=""http://www.france-montagnes.com//station/730040-saint_fran_ois_longchamp/"">Saint François Longchamp</a></b><br />
        <a href='http://www.france-montagnes.com/index.php?option=com_gmap&amp;massif=1&amp;Itemid=2'>Alpes du nord</a> &gt; <a href='http://www.france-montagnes.com/index.php?option=com_gmap&amp;massif=1&amp;Itemid=2&amp;dept=73'>Savoie</a>        </td>
        <td><img src=""http://www.skifrance.fr/images/logosStations/730040.gif"" alt='Saint François Longchamp' /></td>
        </tr>
        </table>

<center>





</center>
<br />
<a href=""http://www.france-montagnes.com//station/730040-saint_fran_ois_longchamp/&task=webcams"">Webcams</a> | 
<a href=""http://www.france-montagnes.com/index.php?option=com_recherche&Itemid=20&Itemid=20&searchtype=bp&q=Saint François Longchamp"">Bons plans</a>
<hr />
    <div style=""text-align:right""><a href=""http://www.france-montagnes.com/""><img src=""http://www.france-montagnes.com/images/logos/logo_fm.png"" border=""0"" /></a></div>

        ",3,5,12,8,28,,,,,0,20,,,,,17,2550,1450,1450,1100,,http://www.saintfrancoislongchamp.com/
0101000020E61000004B45AD5ABCCB1A4018E3327ADCF14640,FR,Saint Gervais Mont-Blanc,4,"
        
        <table style='width:350px'>
        <tr><td>
        <b><a href=""http://www.france-montagnes.com//station/740034-saint_gervais_mont_blanc/"">Saint Gervais Mont-Blanc</a></b><br />
        <a href='http://www.france-montagnes.com/index.php?option=com_gmap&amp;massif=1&amp;Itemid=2'>Alpes du nord</a> &gt; <a href='http://www.france-montagnes.com/index.php?option=com_gmap&amp;massif=1&amp;Itemid=2&amp;dept=74'>Haute-Savoie</a>        </td>
        <td><img src=""http://www.skifrance.fr/images/logosStations/740034.gif"" alt='Saint Gervais Mont-Blanc' /></td>
        </tr>
        </table>

<center>





</center>
<br />
<a href=""http://www.france-montagnes.com//station/740034-saint_gervais_mont_blanc/&task=webcams"">Webcams</a> | 
<a href=""http://www.france-montagnes.com/index.php?option=com_recherche&Itemid=20&Itemid=20&searchtype=bp&q=Saint Gervais Mont-Blanc"">Bons plans</a>
<hr />
    <div style=""text-align:right""><a href=""http://www.france-montagnes.com/""><img src=""http://www.france-montagnes.com/images/logos/logo_fm.png"" border=""0"" /></a></div>

        ",17,54,41,23,135,,,86,,86,40,,,,,27,2350,850,1150,1200,,http://www.saintgervias.com/
0101000020E610000052B2E85FEA041A40BC3D9E399DB04640,FR,Saint Martin de Belleville,4,"
        
        <table style='width:350px'>
        <tr><td>
        <b><a href=""http://www.france-montagnes.com//station/730042-saint_martin_de_belleville/"">Saint Martin de Belleville</a></b><br />
        <a href='http://www.france-montagnes.com/index.php?option=com_gmap&amp;massif=1&amp;Itemid=2'>Alpes du nord</a> &gt; <a href='http://www.france-montagnes.com/index.php?option=com_gmap&amp;massif=1&amp;Itemid=2&amp;dept=73'>Savoie</a>        </td>
        <td><img src=""http://www.skifrance.fr/images/logosStations/730042.gif"" alt='Saint Martin de Belleville' /></td>
        </tr>
        </table>

<center>





</center>
<br />
<a href=""http://www.france-montagnes.com//station/730042-saint_martin_de_belleville/&task=webcams"">Webcams</a> | 
<a href=""http://www.france-montagnes.com/index.php?option=com_recherche&Itemid=20&Itemid=20&searchtype=bp&q=Saint Martin de Belleville"">Bons plans</a>
<hr />
    <div style=""text-align:right""><a href=""http://www.france-montagnes.com/""><img src=""http://www.france-montagnes.com/images/logos/logo_fm.png"" border=""0"" /></a></div>

        ",7,26,33,5,71,12,50,89,9,160,28,,,,,39,3200,1450,1450,1750,,http://www.st-martin-belleville.com/
0101000020E6100000233B0CB180EE1840C3E80C43599C4640,FR,Saint Sorlin d'Arves,3,"
        
        <table style='width:350px'>
        <tr><td>
        <b><a href=""http://www.france-montagnes.com//station/730043-saint_sorlin_d_arves/"">Saint Sorlin d'Arves</a></b><br />
        <a href='http://www.france-montagnes.com/index.php?option=com_gmap&amp;massif=1&amp;Itemid=2'>Alpes du nord</a> &gt; <a href='http://www.france-montagnes.com/index.php?option=com_gmap&amp;massif=1&amp;Itemid=2&amp;dept=73'>Savoie</a>        </td>
        <td><img src=""http://www.skifrance.fr/images/logosStations/730043.gif"" alt='Saint Sorlin d'Arves' /></td>
        </tr>
        </table>

<center>





</center>
<br />
<a href=""http://www.france-montagnes.com//station/730043-saint_sorlin_d_arves/&task=webcams"">Webcams</a> | 
<a href=""http://www.france-montagnes.com/index.php?option=com_recherche&Itemid=20&Itemid=20&searchtype=bp&q=Saint Sorlin d'Arves"">Bons plans</a>
<hr />
    <div style=""text-align:right""><a href=""http://www.france-montagnes.com/""><img src=""http://www.france-montagnes.com/images/logos/logo_fm.png"" border=""0"" /></a></div>

        ",2,9,10,4,25,9,44,19,48,120,16,,,,,14,2620,1550,1550,1070,,http://www.saintsorlindarves.com/
0101000020E6100000EF622A2417E91A40C0045EF1880A4740,FR,Samoens,3,"
        
        <table style='width:350px'>
        <tr><td>
        <b><a href=""http://www.france-montagnes.com//station/740038-samoens/"">Samoens</a></b><br />
        <a href='http://www.france-montagnes.com/index.php?option=com_gmap&amp;massif=1&amp;Itemid=2'>Alpes du nord</a> &gt; <a href='http://www.france-montagnes.com/index.php?option=com_gmap&amp;massif=1&amp;Itemid=2&amp;dept=74'>Haute-Savoie</a>        </td>
        <td><img src=""http://www.skifrance.fr/images/logosStations/740038.gif"" alt='Samoens' /></td>
        </tr>
        </table>

<center>





</center>
<br />
<a href=""http://www.france-montagnes.com//station/740038-samoens/&task=webcams"">Webcams</a> | 
<a href=""http://www.france-montagnes.com/index.php?option=com_recherche&Itemid=20&Itemid=20&searchtype=bp&q=Samoens"">Bons plans</a>
<hr />
    <div style=""text-align:right""><a href=""http://www.france-montagnes.com/""><img src=""http://www.france-montagnes.com/images/logos/logo_fm.png"" border=""0"" /></a></div>

        ",14,51,53,15,133,41,107,118,,266,90,,,,,16,2500,1600,720,1780,,http://www.samoens.com/
0101000020E610000016922FCB70C51A4041B050C10C4D4640,FR,Vars,3,"
        
        <table style='width:350px'>
        <tr><td>
        <b><a href=""http://www.france-montagnes.com//station/50032-vars/"">Vars</a></b><br />
        <a href='http://www.france-montagnes.com/index.php?option=com_gmap&amp;massif=7&amp;Itemid=4'>Alpes du sud</a> &gt; <a href='http://www.france-montagnes.com/index.php?option=com_gmap&amp;massif=7&amp;Itemid=4&amp;dept=5'>Hautes-Alpes</a>        </td>
        <td><img src=""http://www.skifrance.fr/images/logosStations/050032.gif"" alt='Vars' /></td>
        </tr>
        </table>

<center>





</center>
<br />
<a href=""http://www.france-montagnes.com//station/50032-vars/&task=webcams"">Webcams</a> | 
<a href=""http://www.france-montagnes.com/index.php?option=com_recherche&Itemid=20&Itemid=20&searchtype=bp&q=Vars"">Bons plans</a>
<hr />
    <div style=""text-align:right""><a href=""http://www.france-montagnes.com/""><img src=""http://www.france-montagnes.com/images/logos/logo_fm.png"" border=""0"" /></a></div>

        ",7,23,24,9,63,,,,,0,25,,,,,33,2750,1850,1650,1100,,http://www.vars.com/
0101000020E6100000D3760473C85018403ACC6DA34C944640,FR,Vaujany,4,"
        
        <table style='width:350px'>
        <tr><td>
        <b><a href=""http://www.france-montagnes.com//station/380034-vaujany/"">Vaujany</a></b><br />
        <a href='http://www.france-montagnes.com/index.php?option=com_gmap&amp;massif=1&amp;Itemid=2'>Alpes du nord</a> &gt; <a href='http://www.france-montagnes.com/index.php?option=com_gmap&amp;massif=1&amp;Itemid=2&amp;dept=38'>Isère</a>        </td>
        <td><img src=""http://www.skifrance.fr/images/logosStations/380034.gif"" alt='Vaujany' /></td>
        </tr>
        </table>

<center>





</center>
<br />
<a href=""http://www.france-montagnes.com//station/380034-vaujany/&task=webcams"">Webcams</a> | 
<a href=""http://www.france-montagnes.com/index.php?option=com_recherche&Itemid=20&Itemid=20&searchtype=bp&q=Vaujany"">Bons plans</a>
<hr />
    <div style=""text-align:right""><a href=""http://www.france-montagnes.com/""><img src=""http://www.france-montagnes.com/images/logos/logo_fm.png"" border=""0"" /></a></div>

        ",3,9,9,8,29,4,22,16,5,47,50,,,,,19,3300,1250,1100,2200,,http://www.vaujany.com/
0101000020E6100000FFFFFFFFD73A1A40A59EC2890F794640,FR,Serre Chevalier,4,"
        
        <table style='width:350px'>
        <tr><td>
        <b><a href=""http://www.france-montagnes.com//station/50027-serre_chevalier/"">Serre Chevalier</a></b><br />
        <a href='http://www.france-montagnes.com/index.php?option=com_gmap&amp;massif=7&amp;Itemid=4'>Alpes du sud</a> &gt; <a href='http://www.france-montagnes.com/index.php?option=com_gmap&amp;massif=7&amp;Itemid=4&amp;dept=5'>Hautes-Alpes</a>        </td>
        <td><img src=""http://www.skifrance.fr/images/logosStations/050027.gif"" alt='Serre Chevalier' /></td>
        </tr>
        </table>

<center>





</center>
<br />
<a href=""http://www.france-montagnes.com//station/50027-serre_chevalier/&task=webcams"">Webcams</a> | 
<a href=""http://www.france-montagnes.com/index.php?option=com_recherche&Itemid=20&Itemid=20&searchtype=bp&q=Serre Chevalier"">Bons plans</a>
<hr />
    <div style=""text-align:right""><a href=""http://www.france-montagnes.com/""><img src=""http://www.france-montagnes.com/images/logos/logo_fm.png"" border=""0"" /></a></div>

        ",15,42,32,25,114,32,80,81,57,250,35,,,,,77,2800,1350,1200,1600,,http://www.serre-chevalier.com/
0101000020E610000000000000BCA01B404226250F70BC4640,FR,Tignes,4,"
        
        <table style='width:350px'>
        <tr><td>
        <b><a href=""http://www.france-montagnes.com//station/730049-tignes/"">Tignes</a></b><br />
        <a href='http://www.france-montagnes.com/index.php?option=com_gmap&amp;massif=1&amp;Itemid=2'>Alpes du nord</a> &gt; <a href='http://www.france-montagnes.com/index.php?option=com_gmap&amp;massif=1&amp;Itemid=2&amp;dept=73'>Savoie</a>        </td>
        <td><img src=""http://www.skifrance.fr/images/logosStations/730049.gif"" alt='Tignes' /></td>
        </tr>
        </table>

<center>





</center>
<br />
<a href=""http://www.france-montagnes.com//station/730049-tignes/&task=webcams"">Webcams</a> | 
<a href=""http://www.france-montagnes.com/index.php?option=com_recherche&Itemid=20&Itemid=20&searchtype=bp&q=Tignes"">Bons plans</a>
<hr />
    <div style=""text-align:right""><a href=""http://www.france-montagnes.com/""><img src=""http://www.france-montagnes.com/images/logos/logo_fm.png"" border=""0"" /></a></div>

        ",25,46,61,22,154,21,58,100,121,300,20,,,,,47,3450,2100,1550,1900,,http://www.tignes.net/
0101000020E6100000A8909FDCF4871B40AE5D084C8DA44640,FR,Val Cenis Vanoise,3,"
        
        <table style='width:350px'>
        <tr><td>
        <b><a href=""http://www.france-montagnes.com//station/730050-val_cenis_vanoise/"">Val Cenis Vanoise</a></b><br />
        <a href='http://www.france-montagnes.com/index.php?option=com_gmap&amp;massif=1&amp;Itemid=2'>Alpes du nord</a> &gt; <a href='http://www.france-montagnes.com/index.php?option=com_gmap&amp;massif=1&amp;Itemid=2&amp;dept=73'>Savoie</a>        </td>
        <td><img src=""http://www.skifrance.fr/images/logosStations/730050.gif"" alt='Val Cenis Vanoise' /></td>
        </tr>
        </table>

<center>





</center>
<br />
<a href=""http://www.france-montagnes.com//station/730050-val_cenis_vanoise/&task=webcams"">Webcams</a> | 
<a href=""http://www.france-montagnes.com/index.php?option=com_recherche&Itemid=20&Itemid=20&searchtype=bp&q=Val Cenis Vanoise"">Bons plans</a>
<hr />
    <div style=""text-align:right""><a href=""http://www.france-montagnes.com/""><img src=""http://www.france-montagnes.com/images/logos/logo_fm.png"" border=""0"" /></a></div>

        ",6,18,10,9,43,,,,,0,12,,,,,22,2800,1400,1400,1400,,http://www.valcenis.com/
0101000020E6100000808FE3C8DFEB1B405F3F7AD56FB94640,FR,Val d'Isère,4,"
        
        <table style='width:350px'>
        <tr><td>
        <b><a href=""http://www.france-montagnes.com//station/730051-val_d_isere/"">Val d'Isère</a></b><br />
        <a href='http://www.france-montagnes.com/index.php?option=com_gmap&amp;massif=1&amp;Itemid=2'>Alpes du nord</a> &gt; <a href='http://www.france-montagnes.com/index.php?option=com_gmap&amp;massif=1&amp;Itemid=2&amp;dept=73'>Savoie</a>        </td>
        <td><img src=""http://www.skifrance.fr/images/logosStations/730051.gif"" alt='Val d'Isère' /></td>
        </tr>
        </table>

<center>





</center>
<br />
<a href=""http://www.france-montagnes.com//station/730051-val_d_isere/&task=webcams"">Webcams</a> | 
<a href=""http://www.france-montagnes.com/index.php?option=com_recherche&Itemid=20&Itemid=20&searchtype=bp&q=Val d'Isère"">Bons plans</a>
<hr />
    <div style=""text-align:right""><a href=""http://www.france-montagnes.com/""><img src=""http://www.france-montagnes.com/images/logos/logo_fm.png"" border=""0"" /></a></div>

        ",25,46,61,22,154,,,,,0,44,,,,,50,3450,1850,1550,1900,,http://www.valdisere.com/
0101000020E61000007B43ED45F8521A40017957CB23A64640,FR,Val Thorens,4,"
        
        <table style='width:350px'>
        <tr><td>
        <b><a href=""http://www.france-montagnes.com//station/730052-val_thorens/"">Val Thorens</a></b><br />
        <a href='http://www.france-montagnes.com/index.php?option=com_gmap&amp;massif=1&amp;Itemid=2'>Alpes du nord</a> &gt; <a href='http://www.france-montagnes.com/index.php?option=com_gmap&amp;massif=1&amp;Itemid=2&amp;dept=73'>Savoie</a>        </td>
        <td><img src=""http://www.skifrance.fr/images/logosStations/730052.gif"" alt='Val Thorens' /></td>
        </tr>
        </table>

<center>





</center>
<br />
<a href=""http://www.france-montagnes.com//station/730052-val_thorens/&task=webcams"">Webcams</a> | 
<a href=""http://www.france-montagnes.com/index.php?option=com_recherche&Itemid=20&Itemid=20&searchtype=bp&q=Val Thorens"">Bons plans</a>
<hr />
    <div style=""text-align:right""><a href=""http://www.france-montagnes.com/""><img src=""http://www.france-montagnes.com/images/logos/logo_fm.png"" border=""0"" /></a></div>

        ",9,29,29,11,78,,,,,0,5,,,,,29,3200,2300,1850,1350,,http://www.valthorens.com/
0101000020E61000009E03F614FBB61B40C84DFBBA7B0C4640,FR,Valberg,,"
        
        <table style='width:350px'>
        <tr><td>
        <b><a href=""http://www.france-montagnes.com//station/60023-valberg/"">Valberg</a></b><br />
        <a href='http://www.france-montagnes.com/index.php?option=com_gmap&amp;massif=7&amp;Itemid=4'>Alpes du sud</a> &gt; <a href='http://www.france-montagnes.com/index.php?option=com_gmap&amp;massif=7&amp;Itemid=4&amp;dept=6'>Alpes-Maritimes</a>        </td>
        <td><img src=""http://www.skifrance.fr/images/logosStations/060023.gif"" alt='Valberg' /></td>
        </tr>
        </table>

<center>





</center>
<br />
<a href=""http://www.france-montagnes.com//station/60023-valberg/&task=webcams"">Webcams</a> | 
<a href=""http://www.france-montagnes.com/index.php?option=com_recherche&Itemid=20&Itemid=20&searchtype=bp&q=Valberg"">Bons plans</a>
<hr />
    <div style=""text-align:right""><a href=""http://www.france-montagnes.com/""><img src=""http://www.france-montagnes.com/images/logos/logo_fm.png"" border=""0"" /></a></div>

        ",6,22,13,11,52,,,,,0,30,,,,,22,2011,1500,1500,511,,http://www.valberg.com/
0101000020E6100000CCBC69AA529C1A40AA07ED6147964640,FR,Valfrejus,,"
        
        <table style='width:350px'>
        <tr><td>
        <b><a href=""http://www.france-montagnes.com//station/730053-valfrejus/"">Valfrejus</a></b><br />
        <a href='http://www.france-montagnes.com/index.php?option=com_gmap&amp;massif=1&amp;Itemid=2'>Alpes du nord</a> &gt; <a href='http://www.france-montagnes.com/index.php?option=com_gmap&amp;massif=1&amp;Itemid=2&amp;dept=73'>Savoie</a>        </td>
        <td><img src=""http://www.skifrance.fr/images/logosStations/730053.gif"" alt='Valfrejus' /></td>
        </tr>
        </table>

<center>





</center>
<br />
<a href=""http://www.france-montagnes.com//station/730053-valfrejus/&task=webcams"">Webcams</a> | 
<a href=""http://www.france-montagnes.com/index.php?option=com_recherche&Itemid=20&Itemid=20&searchtype=bp&q=Valfrejus"">Bons plans</a>
<hr />
    <div style=""text-align:right""><a href=""http://www.france-montagnes.com/""><img src=""http://www.france-montagnes.com/images/logos/logo_fm.png"" border=""0"" /></a></div>

        ",4,2,10,4,20,9,10,37,9,65,2,,,,,12,2740,1550,1550,1190,,http://www.valfrejus.com/
0101000020E6100000D6439C7204B719401080F0A22E954640,FR,Valloire,3,"
        
        <table style='width:350px'>
        <tr><td>
        <b><a href=""http://www.france-montagnes.com//station/730054-valloire/"">Valloire</a></b><br />
        <a href='http://www.france-montagnes.com/index.php?option=com_gmap&amp;massif=1&amp;Itemid=2'>Alpes du nord</a> &gt; <a href='http://www.france-montagnes.com/index.php?option=com_gmap&amp;massif=1&amp;Itemid=2&amp;dept=73'>Savoie</a>        </td>
        <td><img src=""http://www.skifrance.fr/images/logosStations/730054.gif"" alt='Valloire' /></td>
        </tr>
        </table>

<center>





</center>
<br />
<a href=""http://www.france-montagnes.com//station/730054-valloire/&task=webcams"">Webcams</a> | 
<a href=""http://www.france-montagnes.com/index.php?option=com_recherche&Itemid=20&Itemid=20&searchtype=bp&q=Valloire"">Bons plans</a>
<hr />
    <div style=""text-align:right""><a href=""http://www.france-montagnes.com/""><img src=""http://www.france-montagnes.com/images/logos/logo_fm.png"" border=""0"" /></a></div>

        ",6,31,25,31,93,,,,,0,10,,,,,34,2600,1430,1430,1170,,http://www.valloire.net/
0101000020E6100000D2E743C89CEC1940F121A0E79A974640,FR,Valmeinier,3,"
        
        <table style='width:350px'>
        <tr><td>
        <b><a href=""http://www.france-montagnes.com//station/730055-valmeinier/"">Valmeinier</a></b><br />
        <a href='http://www.france-montagnes.com/index.php?option=com_gmap&amp;massif=1&amp;Itemid=2'>Alpes du nord</a> &gt; <a href='http://www.france-montagnes.com/index.php?option=com_gmap&amp;massif=1&amp;Itemid=2&amp;dept=73'>Savoie</a>        </td>
        <td><img src=""http://www.skifrance.fr/images/logosStations/730055.gif"" alt='Valmeinier' /></td>
        </tr>
        </table>

<center>





</center>
<br />
<a href=""http://www.france-montagnes.com//station/730055-valmeinier/&task=webcams"">Webcams</a> | 
<a href=""http://www.france-montagnes.com/index.php?option=com_recherche&Itemid=20&Itemid=20&searchtype=bp&q=Valmeinier"">Bons plans</a>
<hr />
    <div style=""text-align:right""><a href=""http://www.france-montagnes.com/""><img src=""http://www.france-montagnes.com/images/logos/logo_fm.png"" border=""0"" /></a></div>

        ",9,30,24,22,85,,,,,0,40,,,,,34,2600,1500,1500,1100,,http://www.valmeinier.com/
0101000020E6100000B312C0E70FC51940432FA92319BB4640,FR,Valmorel,3,"
        
        <table style='width:350px'>
        <tr><td>
        <b><a href=""http://www.france-montagnes.com//station/730056-valmorel/"">Valmorel</a></b><br />
        <a href='http://www.france-montagnes.com/index.php?option=com_gmap&amp;massif=1&amp;Itemid=2'>Alpes du nord</a> &gt; <a href='http://www.france-montagnes.com/index.php?option=com_gmap&amp;massif=1&amp;Itemid=2&amp;dept=73'>Savoie</a>        </td>
        <td><img src=""http://www.skifrance.fr/images/logosStations/730056.gif"" alt='Valmorel' /></td>
        </tr>
        </table>

<center>





</center>
<br />
<a href=""http://www.france-montagnes.com//station/730056-valmorel/&task=webcams"">Webcams</a> | 
<a href=""http://www.france-montagnes.com/index.php?option=com_recherche&Itemid=20&Itemid=20&searchtype=bp&q=Valmorel"">Bons plans</a>
<hr />
    <div style=""text-align:right""><a href=""http://www.france-montagnes.com/""><img src=""http://www.france-montagnes.com/images/logos/logo_fm.png"" border=""0"" /></a></div>

        ",5,11,25,14,55,9,19,48,17,93,20,,,,,38,2550,1400,1400,1150,,http://www.valmorel.com/
0101000020E61000001FC408C0C3CD2740BED38D458D4B4740,IT,Alta Badia,3,,5,30,68,0,103,8,52,,,60,35,,,,,52,2750,1324,1350,1400,,http://www.altabadia.org/en/homepage_alta_badia_tourism
0101000020E6100000F8AE18E048BF2740B1EC1726B23F4740,IT,Arabba,4,,3,25,23,0,51,7,25,30,,62,15,,,,,29,2950,1600,1450,1500,,"http://www.infodolomiti.it/dolomiti.run?0,L=0"
0101000020E610000091C5AAFF7BE11A401CB30D5849894640,IT,Bardonecchia,2,,1,15,17,4,37,3,50,,,53,28,,,,,21,2750,1310,1310,1440,,http://www.bardonecchiaski.com/
0101000020E61000006D9626005ABE2440661F5CE8E73B4740,IT,Bormio,3,,2,8,8,0,18,5,25,20,,50,12,,,,,24,3020,1200,1230,1790,,http://www.bormio.it/english/
0101000020E6100000F0B42540878A274006F126640C3D4740,IT,Canazei,3,,0,10,4,0,14,,,,,0,20,,,,,13,2640,1460,1450,1190,,http://www.fassa.com/
0101000020E6100000FFD5BA3FA4841E40835AA182A2F74640,IT,Cervinia,3,,7,29,10,0,46,,,,,0,,,,,,21,3490,2050,2050,1440,,http://www.cervinia.it/pages/Home_i_en/211
0101000020E6100000B3572780C5E61E40095507CC85EA4640,IT,Champoluc,3,,0,12,3,0,15,,38,12,,50,7,,,,,10,3550,1600,1640,1910,,http://www.monterosa-ski.com/
0101000020E61000004DFEFEFFC5001B40D020AA952E784640,IT,Claviere,3,,42,118,54,7,221,42,118,54,7,221,10,,,,,12,2300,1750,1760,540,,http://www.claviere.it/
0101000020E61000007204E3BFC4442840BE041B9523454740,IT,Cortina,3,,8,19,42,0,69,10,45,55,,110,82,,,,,37,2930,1220,1050,1880,,http://cortina.dolomiti.org/
0101000020E6100000E9A0C7FF4FDF1B409F9ECAABEBE54640,IT,Courmayeur,3,,4,14,6,3,27,,,,,0,22,,,,,21,2760,1200,1210,1550,,http://www.courmayeur-montblanc.com/
0101000020E61000007579EF7FB2B7254078616BB6F2264740,IT,Folgarida,3,,4,10,18,0,32,7,21,25,,53,13,,,,,27,2179,1400,1300,879,,http://www.valdisole.net/cms-01.00/articolo.asp?IDcms=7968&s=334&l=EN
0101000020E61000002920ED7F8045244051687A05F9444740,IT,Livigno,3,,13,39,26,0,78,20,66,29,,115,40,,,,,31,3000,1820,1800,1200,,http://www.livigno.eu/it/
0101000020E610000089B600C0F32725403A2793A603214740,IT,Passo Tonale,4,,6,25,10,5,46,15,42,13,30,100,33,,,,,30,3030,1880,1890,1140,,http://www.valdisole.net/cms-01.00/articolo.asp?IDcms=7968&s=334&l=EN
0101000020E6100000AA73B97F343D1D4030E9D608D0D74640,IT,Pila,4,,3,20,3,0,26,10,52,8,,70,8,,,,,13,2750,1800,1800,950,,http://www.pila.it/
0101000020E6100000E407F87F1FDF2740D3F1FBAB05494740,IT,San Cassiano,5,,5,30,68,0,103,8,52,,,60,35,,,,,52,2750,1324,1350,1400,,http://www.altabadia.org/en/homepage_alta_badia_tourism
0101000020E6100000E8502380DD992740E968F2207F214740,IT,San Martino di Castrozza,1,,2,10,12,5,29,3,14,26,5,48,,,,,,28,2740,1450,1470,1270,,http://www.sanmartino.com/
0101000020E61000004B9C0DE0CA391B40ABE3DF04B27A4640,IT,Sansicario,2,,8,13,6,12,39,,,,,0,7,,,,,11,2823,1700,1700,1123,,
0101000020E6100000A62C010019711B409BB7A0ADB9834640,IT,Sauze d'Oulx,3,,5,34,10,0,49,20,60,30,,110,,,,,,22,2800,1510,1350,1450,,http://www.comune.sauzedoulx.to.it/
0101000020E61000007EB110802C3C27407199EC0252454740,IT,Seiser Alm,2,,2,15,14,5,36,2,40,18,8,68,53,,,,,22,2200,2000,1230,970,,http://www.alpedisiusi.info/en/info/welcome.html
0101000020E61000005C22D57FEF872740D90BE45D1E474740,IT,Selva Gardena,4,,,,,,0,,,,,0,98,,,,,81,2450,1570,1570,880,,http://www.valgardena.it/en/
0101000020E61000003AC01FC01A821B4040AD79C0827A4640,IT,Sestriere,2,,42,118,54,7,221,80,223,97,,400,10,,,,,92,2840,2040,1840,1000,,http://www.sestriere.it/it/intro.aspx
0101000020E610000018AFDC7F22822740F3A929EA48474740,IT,Val Gardena,4,,11,67,34,0,112,18,105,52,,175,105,,,,,84,2518,1236,1236,1282,,http://www.valgardena.it/en/
0101000020E610000076CB0680C73F1E40AE1F0F3BDB3E4740,SW,Adelboden,3,,14,50,40,1,105,22,94,94,,210,86,,,,,55,2350,1350,1070,1280,,http://www.adelboden.ch/de/
0101000020E6100000AE9003C0C22F21404291B43C8B514740,SW,Andermatt,3,,33,63,30,0,125,32,60,28,,55,20,,2,7,11,20,2960,1440,1450,1510,,http://www.andermatt.ch/en/
0101000020E6100000A753054068DF1D4022B1D5CC77274740,SW,Crans Montana,3,,4,20,17,0,41,15,70,55,,140,30,,,,,34,3000,1500,1500,1500,,http://www.crans-montana.ch/
0101000020E6100000CEA623809BA3234087EA5A3983654740,SW,Davos,2,,13,39,31,0,83,,,,,0,75,,,,,38,2840,1560,1110,1730,,http://www.davos.ch/
0101000020E6100000086402C0A9D02040331BBF4B04694740,SW,Engelberg,4,,1,14,10,0,25,4,53,25,,82,37,,,,,26,3020,1000,1050,1970,,http://www.engelberg.ch/
0101000020E610000030B72000DD882240125D610B8B684740,SW,Flims/Laax,3,,18,40,45,0,103,,,,,0,,,,,,,3018,1100,1100,1918,,http://www.laax.com/
0101000020E610000069A0E0FF1A4E1E40E10E71FFD3164740,SW,Grimentz,1,,10,10,6,1,27,,,,,0,22,,,,,11,2874,1570,1600,1274,,http://www.valdanniviers.ch/tourisme/grimentz--saint-jean.html
0101000020E610000076A0F3BF0110204095F3C5DE0B504740,SW,Grindelwald,4,,15,24,16,0,55,29,81,50,,160,17,,,,,20,2950,1050,1050,1900,,http://jungfrauregion.ch/
0101000020E61000009BA6D77F00261D40D3EE80806F3C4740,SW,Gstadd,2,,11,35,50,0,96,45,81,124,,250,172,,,,,61,3000,1000,950,2050,,http://www.gstaad.ch/
0101000020E6100000919C0AC058C42340439C5E94E66E4740,SW,Klosters,3,,30,39,30,0,97,51,68,51,,170,140,,,,,52,2840,1200,1110,1730,,http://www.davos.en/
0101000020E6100000ECC120C054A11C4095DD27A2BA2C4740,SW,Les Diablerets,3,,0,18,8,0,26,1,42,22,,65,30,,,,,22,2970,1150,1150,1820,,http://www.diablerets.com/
0101000020E6100000D43BE47F55921F40A3646AF99E474740,SW,Murren,3,,6,11,8,2,27,11,31,11,,53,2,,,,,12,2970,1650,1650,1320,,http://www.jungfrauwinter.ch/wengen-muerren.ch
0101000020E610000067A8FEFF07351D406B71D75C7F174740,SW,Nendaz,4,,2,20,13,0,35,10,91,74,,175,11,,,,,20,3300,1350,1400,1900,,http://www.nendaz.ch/
0101000020E6100000466BDAFFDFB41F405545C03A710D4740,SW,Saas Fee,4,,5,14,13,0,32,25,50,25,,100,8,,,,,23,3500,1800,1800,1700,,http://www.saas-fee.ch/de/Home
0101000020E6100000F819F6FF9AAB234035513A47533F4740,SW,St Moritz,,,9,61,18,0,88,35,245,70,,350,180,,,,,24,3300,1850,1730,1570,,http://www.stmoritz.ch/
0101000020E6100000A28F220072E91C4026B90DB44C0C4740,SW,Verbier,3,,5,20,19,0,44,7,31,,,38,29,,,,,17,3330,1500,1500,1830,,http://www.verbier.ch/en/
0101000020E61000006F3A5500845E1D40E65DD47210194740,SW,Veysonnaz,3,,0,8,2,0,10,,37,15,,52,5,,,,,11,2450,1470,1400,1050,,http://www.veysonnaz.ch/
0101000020E61000004B5AD0FF9B381C402F54596F2F264740,SW,Villars,3,,8,46,28,0,82,,,,,0,44,,,,,16,2100,1250,1200,900,,http://www.villars.ch/en/
0101000020E6100000DF034BE09CAE1F40E623E7CC8F4D4740,SW,Wengen,4,,7,17,8,0,32,22,66,22,,110,17,,,,,19,2320,1250,1270,1050,,http://www.jungfrauwinter.ch/wengen-muerren.ch
0101000020E6100000E8F7BB7F45FD1E4088DD90A9AF024740,SW,Zermatt,4,,21,41,12,0,74,47,109,29,,185,9,,,,,40,3900,1620,1620,2280,,http://www.zermatt.ch/en/
